<?xml version="1.0" encoding="UTF-8"?>
<?atoc version='0.0.1'?>
<cset q="zip" >
<summary  count="12"  totalSize="2839730" >
<digs da="MD5"  count="1" />
<digs da="MD5"  count="1" />
</summary>
<cset id="nco-p-tivoli-eif.linux2x86" >
<summary  count="1"  totalSize="355361" >
<digs da="MD5"  count="1" />
</summary>
<cset v="1.*" >
<summary  count="1"  totalSize="355361" >
<digs da="MD5"  count="1" />
</summary>
<cset p="*" >
<summary  count="1"  totalSize="355361" >
<digs da="MD5"  count="1" />
</summary>
<af id="nco-p-tivoli-eif.linux2x86"  v="1.0.0.379e7b6fade64b70ac71c9d41b8c0989"  p=""  ex="false"  sz="355361" >
<dig da="MD5"  dv="002e2260ef8bbd1ed9564db0f08f8eec" />

</af>
</cset>
</cset>
</cset>
<cset id="nonnative-base.aix5" >
<summary  count="1"  totalSize="122604" >
<digs da="MD5"  count="1" />
</summary>
<cset v="1.*" >
<summary  count="1"  totalSize="122604" >
<digs da="MD5"  count="1" />
</summary>
<cset p="*" >
<summary  count="1"  totalSize="122604" >
<digs da="MD5"  count="1" />
</summary>
<af id="nonnative-base.aix5"  v="1.0.0.6ccf65ad64fd782db90c35fd58b3d9b6"  p=""  ex="false"  sz="122604" >
<dig da="MD5"  dv="40af2bf58d39a8dce3c785c439505856" />

</af>
</cset>
</cset>
</cset>
<cset id="nonnative-base.hpux11hpia" >
<summary  count="1"  totalSize="158604" >
<digs da="MD5"  count="1" />
</summary>
<cset v="1.*" >
<summary  count="1"  totalSize="158604" >
<digs da="MD5"  count="1" />
</summary>
<cset p="*" >
<summary  count="1"  totalSize="158604" >
<digs da="MD5"  count="1" />
</summary>
<af id="nonnative-base.hpux11hpia"  v="1.0.0.cddbddac53432c1b1b5686de2f1c30f5"  p=""  ex="false"  sz="158604" >
<dig da="MD5"  dv="2e513cbb351a3907a1fb65d6ad429149" />

</af>
</cset>
</cset>
</cset>
<cset id="nco-p-tivoli-eif.win32" >
<summary  count="1"  totalSize="357166" >
<digs da="MD5"  count="1" />
</summary>
<cset v="1.*" >
<summary  count="1"  totalSize="357166" >
<digs da="MD5"  count="1" />
</summary>
<cset p="*" >
<summary  count="1"  totalSize="357166" >
<digs da="MD5"  count="1" />
</summary>
<af id="nco-p-tivoli-eif.win32"  v="1.0.0.9cda6ed40ffcb9abde9767cac206d1ef"  p=""  ex="false"  sz="357166" >
<dig da="MD5"  dv="a199c06ee8aae040da9a1f2c60f13aa8" />

</af>
</cset>
</cset>
</cset>
<cset id="nco-p-tivoli-eif.linux2s390" >
<summary  count="1"  totalSize="355378" >
<digs da="MD5"  count="1" />
</summary>
<cset v="1.*" >
<summary  count="1"  totalSize="355378" >
<digs da="MD5"  count="1" />
</summary>
<cset p="*" >
<summary  count="1"  totalSize="355378" >
<digs da="MD5"  count="1" />
</summary>
<af id="nco-p-tivoli-eif.linux2s390"  v="1.0.0.03fc662142be026c758573ead448d186"  p=""  ex="false"  sz="355378" >
<dig da="MD5"  dv="e4ee7db3a6f7c8588d9a71d2996d5033" />

</af>
</cset>
</cset>
</cset>
<cset id="nonnative-base.solaris2" >
<summary  count="1"  totalSize="116469" >
<digs da="MD5"  count="1" />
</summary>
<cset v="1.*" >
<summary  count="1"  totalSize="116469" >
<digs da="MD5"  count="1" />
</summary>
<cset p="*" >
<summary  count="1"  totalSize="116469" >
<digs da="MD5"  count="1" />
</summary>
<af id="nonnative-base.solaris2"  v="1.0.0.0ef97694ace476de5ed9156b9578c72e"  p=""  ex="false"  sz="116469" >
<dig da="MD5"  dv="95152cc5366f49fc93b88e7dacc1976b" />

</af>
</cset>
</cset>
</cset>
<cset id="nco-p-tivoli-eif.aix5" >
<summary  count="1"  totalSize="355332" >
<digs da="MD5"  count="1" />
</summary>
<cset v="1.*" >
<summary  count="1"  totalSize="355332" >
<digs da="MD5"  count="1" />
</summary>
<cset p="*" >
<summary  count="1"  totalSize="355332" >
<digs da="MD5"  count="1" />
</summary>
<af id="nco-p-tivoli-eif.aix5"  v="1.0.0.04910f29fd7c597941f09cc4b129e2e2"  p=""  ex="false"  sz="355332" >
<dig da="MD5"  dv="317f664d2409716ffa1e318802e8f288" />

</af>
</cset>
</cset>
</cset>
<cset id="nco-p-tivoli-eif.solaris2" >
<summary  count="1"  totalSize="355373" >
<digs da="MD5"  count="1" />
</summary>
<cset v="1.*" >
<summary  count="1"  totalSize="355373" >
<digs da="MD5"  count="1" />
</summary>
<cset p="*" >
<summary  count="1"  totalSize="355373" >
<digs da="MD5"  count="1" />
</summary>
<af id="nco-p-tivoli-eif.solaris2"  v="1.0.0.7fdb8f1a9823a26e36adb7aa7eaf4a6e"  p=""  ex="false"  sz="355373" >
<dig da="MD5"  dv="6b7f9b796eb2ff96da0746ab2b85bd71" />

</af>
</cset>
</cset>
</cset>
<cset id="nonnative-base.win32" >
<summary  count="1"  totalSize="89985" >
<digs da="MD5"  count="1" />
</summary>
<cset v="1.*" >
<summary  count="1"  totalSize="89985" >
<digs da="MD5"  count="1" />
</summary>
<cset p="*" >
<summary  count="1"  totalSize="89985" >
<digs da="MD5"  count="1" />
</summary>
<af id="nonnative-base.win32"  v="1.0.0.f4089106713e07b0d631d52bec1c83c1"  p=""  ex="false"  sz="89985" >
<dig da="MD5"  dv="e3c56c2e7ccb28766c7b012d8bb2bd94" />

</af>
</cset>
</cset>
</cset>
<cset id="nco-p-tivoli-eif.hpux11hpia" >
<summary  count="1"  totalSize="355407" >
<digs da="MD5"  count="1" />
</summary>
<cset v="1.*" >
<summary  count="1"  totalSize="355407" >
<digs da="MD5"  count="1" />
</summary>
<cset p="*" >
<summary  count="1"  totalSize="355407" >
<digs da="MD5"  count="1" />
</summary>
<af id="nco-p-tivoli-eif.hpux11hpia"  v="1.0.0.94c17fd7a83d500dfd27c29f33ac92cf"  p=""  ex="false"  sz="355407" >
<dig da="MD5"  dv="abe6c4536dd9e6f306cb059e611acd52" />

</af>
</cset>
</cset>
</cset>
<cset id="nonnative-base.linux2x86" >
<summary  count="1"  totalSize="110722" >
<digs da="MD5"  count="1" />
</summary>
<cset v="1.*" >
<summary  count="1"  totalSize="110722" >
<digs da="MD5"  count="1" />
</summary>
<cset p="*" >
<summary  count="1"  totalSize="110722" >
<digs da="MD5"  count="1" />
</summary>
<af id="nonnative-base.linux2x86"  v="1.0.0.762eab0baf3369e86bbe1cc9ad773550"  p=""  ex="false"  sz="110722" >
<dig da="MD5"  dv="edc2b18cfdee3fb9625ba05ba41a7659" />

</af>
</cset>
</cset>
</cset>
<cset id="nonnative-base.linux2s390" >
<summary  count="1"  totalSize="107329" >
<digs da="MD5"  count="1" />
</summary>
<cset v="1.*" >
<summary  count="1"  totalSize="107329" >
<digs da="MD5"  count="1" />
</summary>
<cset p="*" >
<summary  count="1"  totalSize="107329" >
<digs da="MD5"  count="1" />
</summary>
<af id="nonnative-base.linux2s390"  v="1.0.0.4d8e33630d19dcd1442d6af67bfa004f"  p=""  ex="false"  sz="107329" >
<dig da="MD5"  dv="2876a59fc3918ddff769f2c74d3222b7" />

</af>
</cset>
</cset>
</cset>
</cset>