<?xml version="1.0" encoding="UTF-8"?>
<?atoc version='0.0.1'?>
<cset q="file" >
<summary  count="1"  totalSize="12424" >
<digs da="MD5"  count="1" />
</summary>
<cset id="com.ibm.tivoli*" >
<summary  count="1"  totalSize="12424" >
<digs da="MD5"  count="1" />
</summary>
<cset v="1.*" >
<summary  count="1"  totalSize="12424" >
<digs da="MD5"  count="1" />
</summary>
<cset p="*" >
<summary  count="1"  totalSize="12424" >
<digs da="MD5"  count="1" />
</summary>
<af id="com.ibm.tivoli.omnibus.OMNIbusIMExtension"  v="1.0.0.8b28b54964cf40e83ea224f09e30b245"  p="jar"  ex="false"  sz="12424" >
<dig da="MD5"  dv="76490758925116b4a13218006cc115b7" />

</af>
</cset>
</cset>
</cset>
</cset>